,0,1,2,3,4,5,6,7,8,9,10,11,12,13,14,15,16,17,18,19,20,21,22,23,24,25
0,Risk Linked Securities: Indicative Pricing,,,,,,,,,,,,,,,,,,,,,,2020-09-30 00:00:00,,,
1,,,,,,,,,,,,,,,,,,,,,,,,,,
2,,,,Security,,Bloomberg,,Size ,Issuance,Scheduled,,,Long-Term,,Near-Term,,,Ratings,,,,Spread,,Price,,Aggregate/
3,,,Issue,ID#,,Ticker,,($MM),Date,Maturity,,Regions/Perils,AP,EL,AP,EL,,S&P,M,F,Coupon,Bid,Offer,Bid,Offer,Occurrence
4,,,,,,,,,,,,,,,,,,,,,,,,,,
5,Americas Earthquake,,Acorn Re 2018-1,00485YAB5,,ACORNR,,400,2018-07-10 00:00:00,2021-11-10 00:00:00,,"US, Can, Mex",1.05,0.8,,,,,,,275,270.4292575949358,239.31369035684048,100.05,100.39,Occurrence
6,,,Cal Phoenix 2018-1,12482PAA4,,CALPHO,,200,2018-08-02 00:00:00,2021-08-13 00:00:00,,WF,1.35,1.01,,,,,,,750,37816.19900682176,13608.347418071655,2,12,Aggregate
7,,,CAR 116,XS1761694949,,IBRD,,500,2018-02-07 00:00:00,2021-02-15 00:00:00,,Chile,1.35,0.86,,,,,,,250,719.9715987,437.6594929032217,98.3,99.32,Occurrence
8,,,CAR 117,XS1761702718,,IBRD,,400,2018-02-07 00:00:00,2021-02-15 00:00:00,,Colombia,2.78,1.56,,,,,,,300,771.1200674,488.47568926482967,98.3,99.31,Occurrence
9,,,CAR 120,XS1761714721,,IBRD,,140,2018-02-07 00:00:00,2021-02-15 00:00:00,,Peru,7.14,5,,,,,,,600,640.8383607,537.3193049771546,99.85,100.23,Occurrence
10,,,CAR 125,XS2127855125,,IBRD,,175,2020-03-06 00:00:00,2024-03-13 00:00:00,,Mexico,1.17,0.9,,,,,,,350,450.1651016,391.8032063515009,96.92,98.7,Occurrence
11,,,CAR 126,XS2127855398,,IBRD,,60,2020-03-06 00:00:00,2024-03-13 00:00:00,,Mexico,8.3,5.78,,,,,,,900,1000,982.525671985192,97.2,97.68,Occurrence
12,,,Golden State Re II 2018-1,38123FAB4,,GOLDST,,210,2018-12-03 00:00:00,2023-01-08 00:00:00,,CA,0.49,0.14,,,,,,,220,231.3596037,208.5946337629119,99.75,100.25,Occurrence
13,,,Merna Re 2018-1,59012UAD7,,MERNA,,300,2018-03-29 00:00:00,2021-04-08 00:00:00,,New Madrid,0.74,0.52,,,,,,,200,300,216.3659954334811,99.49,99.92,Occurrence
14,,,Merna Re II 2019-1,59013MAA0,,MERNAR,2000-10-26 00:00:00,300,2019-03-29 00:00:00,2022-04-07 00:00:00,,New Madrid,0.75,0.54,,,,,,,200,213.5218849874506,180.5445647413826,99.8,100.29,Occurrence
15,,,Merna Re II 2020-1,59013MAB8,,MERNAR,,250,2020-05-29 00:00:00,2023-04-07 00:00:00,,New Madrid,0.76,0.54,,,,,,,275,250,213,100.59,101.48,Occurrence
16,,,Randolph Re 2020-1,XS2202766783,,RANDRE,,50.25,2020-07-09 00:00:00,2021-07-06 00:00:00,,CA Fire,,,,,,,,,0,844.5693449000001,954.946211758583,92.88,93.18,Occurrence
17,,,SD Re Ltd. 2018-1,78414BAA9,,SDRELT,,125,2018-10-12 00:00:00,2021-10-19 00:00:00,,WF,0.21,0.21,,,,,,,400,879.4292465000001,793.8535333819667,95.25,96.08,Aggregate
18,,,SD Re Ltd. 2020-1,78414BAB7,,SDRELT,,90,2020-07-08 00:00:00,2023-07-14 00:00:00,,WF,1.7,1.52,2.01,1.8,,,,,975,975,954.5211707767501,100,100.49,Aggregate
19,,,Sierra 2019-1 A,826359AA9,,SIERLT,,150,2020-01-09 00:00:00,2022-12-28 00:00:00,,US EQ,1.74,0.78,,,,,,,325,271.7606819,232.56743745554095,101.13,101.98,Occurrence
20,,,Sierra 2019-1 B,826359AB7,,SIERLT,,75,2020-01-09 00:00:00,2022-12-28 00:00:00,,US EQ,3.97,2.64,,,,,,,575,607.4927992,520.8248210579235,99.33,101.12,Occurrence
21,,,Sutter Re 2020-1 A,86944RAA6,,SUTTRE,,200,2020-05-15 00:00:00,2023-05-23 00:00:00,,CA,1.28,1.21,,,,,,,500,375,337.99999999999994,103.05,103.98,Aggregate
22,,,Sutter Re 2020-1 F,86944RAB4,,SUTTRE,,135,2020-05-15 00:00:00,2023-05-23 00:00:00,,CA,4.03,3.69,,,,,,,850,821.3613122,784.3613122000002,100.64,101.5,Aggregate
23,,,Sutter Re 2020-2 A,86944RAC2,,SUTTRE,,215,2020-05-28 00:00:00,2022-06-06 00:00:00,,CA,1.28,1.21,,,,,,,500,351.2517280782664,308.2517280782664,102.38,103.08,Aggregate
24,,,Sutter Re 2020-2 F,86944RAD0,,SUTTRE,,150,2020-05-28 00:00:00,2022-06-06 00:00:00,,CA,4.03,3.69,,,,,,,850,820,777,100.45,101.11,Aggregate
25,,,Ursa Re 2017-2 C,90323WAG5,,URSARE,,200,2017-11-30 00:00:00,2020-12-10 00:00:00,,CA,1.46,1.39,,,,,,,408,471.1643557,211.4161794333297,99.88,100.36,Aggregate
26,,,Ursa Re 2017-2 D,90323WAH3,,URSARE,,200,2017-11-30 00:00:00,2020-12-10 00:00:00,,CA,3.14,2.89,,,,,,,537,556.8813351,293.50497739792934,99.96,100.44,Aggregate
27,,,Ursa Re 2018-1 D,90323WAJ9,,URSARE,,250,2018-09-14 00:00:00,2021-09-24 00:00:00,,CA,3.23,2.99,,,,,,,524,772.7329265,652.0366917408428,97.69,98.8,Aggregate
28,,,Ursa Re 2019-1 C,90323WAK6,00:00:00,URSARE,00:00:00,400,2019-11-26 00:00:00,2022-12-10 00:00:00,0.0,CA,2.25,2.11,,,,,,,575,690.3276687,619.9056894844167,97.71,99.1,Aggregate
29,,,,,,,,,,,,,,,,,,,,,,,,,,
30,,,,,,,,,,,,,,,,,,,,,,,,,,
31,,,Alamo Re 2018-1 A,011395AE0,,ALALTD,,400,2018-05-30 00:00:00,2021-06-07 00:00:00,,TX,2.67,1.8,2.93,1.97,,,,,348,310,207,100.25,100.94,Aggregate
32,,,Alamo Re 2019-1 A,011395AF7,,ALALTD,,200,2019-05-28 00:00:00,2022-06-08 00:00:00,,TX,2.66,1.8,2.92,1.97,,,,,450,382.67624083836745,328.3762408383674,101.08,101.97,Aggregate
33,,,Alamo Re II 2020-1 A,011396AA6,,ALAMRE,,400,2020-06-09 00:00:00,2023-06-08 00:00:00,,TX,2.65,1.78,2.91,1.95,,,,,575,440.6707402669152,404.6707402669152,103.3,104.21,Aggregate
34,,,Blue Halo Re 2020-1 A,095538AD6,,BLUHLO,,150,2020-06-19 00:00:00,2023-06-28 00:00:00,,US,4.96,4.41,5.71,5.06,,,,,1325,1141.8498188543945,1096.2816370362123,104.08,105.13,Aggregate
35,,,Blue Halo Re 2020-1 B,095538AE4,,BLUHLO,,25,2020-06-19 00:00:00,2021-06-30 00:00:00,,US,7.36,5.55,9.2,6,,,,,1600,717.424291879738,709,106.28,106.34,Agg / Occ
36,,,CAR 127,XS2127855638,,IBRD,,125,2020-03-06 00:00:00,2024-03-13 00:00:00,,Mexico Atlantic,7.99,5.61,8.29,5.79,,,,,1000,955.452730198003,938.5193968646685,101.25,101.73,Occurrence
37,,,CAR 128,XS2127856016,,IBRD,,125,2020-03-06 00:00:00,2024-03-13 00:00:00,,Mexico Pacific,6.23,4.06,0,0,,,,,650,648.5778418316718,617.4741381279682,100.04,100.97,Occurrence
38,,,Casablanca Re 2017-1 C,XS1611032928,,CASARE,,1.69,2017-06-01 00:00:00,2023-06-04 00:00:00,,FL,18.51,9.42,20.17,10.43,,,,,1549,,,15,25,Occurrence
39,,,Casablanca Re 2020-1 A,14713CAA0,,CASAPT,,40,2020-06-12 00:00:00,2021-06-07 00:00:00,,FL,1.27,1.12,1.5,1.31,,,,,0,403.0549578217823,334.0549578217823,97.34,97.78,Occurrence
40,,,Casablanca Re 2020-1 B,14713CAB8,,CASAPT,,25,2020-06-12 00:00:00,2021-06-07 00:00:00,,FL,5.04,2.35,5.7,2.68,,,,,0,640.420698237624,555.8025164194412,95.84,96.37,Occurrence
41,,,Catahoula Re 2020-1 A,148802AA9,,CTHPTE,,60,2020-05-11 00:00:00,2023-05-09 00:00:00,,LA,1.1,0.91,1.22,1.01,,,,,350,267.19016897272957,236,102.03,102.81,Occurrence
42,,,Citrus Re 2016-1 D,177510AF1,,CITREL,,61.3,2016-02-24 00:00:00,2021-02-25 00:00:00,,US,4.56,3.24,5.12,3.67,,,,,785,,,20,30,Occurrence
43,,,Citrus Re 2017-1 A,177510AH7,,CITREL,,31.676,2017-03-13 00:00:00,2023-03-20 00:00:00,,US,2.25,1.99,2.55,2.5,,,,,531,,,10,20,Occurrence
44,,,Everglades Re II 2018,30014LAC8,,EVERGL,,250,2018-05-15 00:00:00,2021-05-04 00:00:00,,FL,2.78,2.05,3.22,2.38,,,,,505,474,354.14766514006965,100.17,100.86,Aggregate
45,,,Everglades Re II 2020-2 A,30014LAE4,,EVERGL,,110,2020-05-28 00:00:00,2023-05-04 00:00:00,,FL,1.22,1.5,1.42,1.79,,,,,625,537.3388137695155,500.33881376951547,102.05,102.94,Aggregate
46,,,Floodsmart Re 2018-1 A,33975CAA3,,FLOREL,,325,2018-07-30 00:00:00,2021-08-06 00:00:00,,US,6.04,4.94,,5.29,,,,,1125,896,785.6167748196115,101.86,102.77,Occurrence
47,,,Floodsmart Re 2018-1 B,33975CAB1,,FLOREL,,175,2018-07-30 00:00:00,2021-08-06 00:00:00,,US,9.68,6.32,,6.8,,,,,1350,1019.9999999999999,879.8621296380694,102.64,103.79,Occurrence
48,,,Floodsmart Re 2019-1 A,33975CAC9,,FLOREL,,250,2019-04-16 00:00:00,2022-03-07 00:00:00,,US,4.93,4.15,,4.48,,,,,1125,946.8891041781054,871.8670316182036,102.35,103.36,Occurrence
49,,,Floodsmart Re 2019-1 B,33975CAD7,,FLOREL,,50,2019-04-16 00:00:00,2022-03-07 00:00:00,,US,7.31,6.01,,6.51,,,,,1450,1335.4668894231697,1235.4256934924329,101.47,102.77,Occurrence
50,,,Floodsmart Re 2020-1 A,33975CAE5,,FLOREL,,300,2020-02-20 00:00:00,2023-02-27 00:00:00,,US,4.25,3.91,,4.22,0.0,,,,1100,1025.0764637713644,958.9855906074466,101.56,102.97,Occurrence
51,,,Floodsmart Re 2020-1 B,33975CAF2,,FLOREL,,100,2020-02-20 00:00:00,2023-02-27 00:00:00,,US,7.52,5.68,,6.14,0.0,,,,1450,1390.2483685868408,1320.8370736680379,101.19,102.6,Occurrence
52,,,Frontline Re 2018-1 A,35922QAA1,,FRNTRE,,250,2018-06-26 00:00:00,2022-07-06 00:00:00,,"AL, FL, NC, SC",6.84,4.53,6.46,4.28,,,,,774,6497.203139413278,4625.04872506454,42.98,55.72,Occurrence
53,,,Frontline Re 2018-1 B,35922QAB9,,FRNTRE,,100,2018-06-26 00:00:00,2022-07-06 00:00:00,,"AL, FL, NC, SC",11.11,8.67,10.55,8.21,,,,,1245,,,5,10,Occurrence
54,,,Integrity Re 2018-1 A,45869RAA3,,INTEGR,,75,2018-04-23 00:00:00,2022-06-10 00:00:00,,FL,1.61,1.44,1.81,1.63,,,,,405,498.9593506680743,449.04730537966367,98.5,99.29,Occurrence
55,,,Integrity Re 2018-1 B,45869RAB1,,INTEGR,,4,2018-04-23 00:00:00,2022-06-10 00:00:00,,FL,8.92,5.42,9.84,6.03,,,,,918,989.6652383927664,943.6348702424957,98.9,99.6,Occurrence
56,,,Integrity Re 2019-1 A,45833UAE1,,INTEGR,,50,2019-05-29 00:00:00,2023-06-12 00:00:00,,FL,1.28,1.14,1.47,1.3,,,,,475,505.735135950136,473.2767879066531,99.24,100.04,Occurrence
57,,,Integrity Re II 2020-1 A,45833EAA5,,INTEGR,,150,2020-03-24 00:00:00,2023-04-12 00:00:00,,FL,4.1,1.98,4.84,2.25,,,,,725,611.6288320457837,590.9384320457807,102.6,103.08,Occurrence
58,,,Manatee Re II 2018-1 A,562012AA2,,MANARE,,160,2018-04-03 00:00:00,2021-06-07 00:00:00,,"FL, LA, & TX",2.61,1.16,3.04,1.37,,,,,439,506,399.05737791045726,99.55,100.26,Occurrence
59,,,Manatee Re II 2018-1 B,562012AB0,,MANARE,,40,2018-04-03 00:00:00,2021-06-07 00:00:00,,"FL, LA, & TX",7.41,4.46,8.23,5.05,,,,,834,953,886.8571136078664,99.23,99.66,Occurrence
60,,,Manatee Re III 2019-1 A,562011AA4,,MANARE,,20,2019-05-30 00:00:00,2022-06-07 00:00:00,,"FL, LA, & TX",2.22,1.15,2.6,1.34,,,,,525,499.0486959671553,462.5518809345505,100.41,100.99,Occurrence
61,,,Manatee Re III 2019-1 B,562011AB2,,MANARE,,20,2019-05-30 00:00:00,2022-06-07 00:00:00,,"FL, LA, & TX",7.56,4.23,8.39,4.8,,,,,950,820.2409393866185,777.5630182932722,101.98,102.65,Occurrence
62,,,Matterhorn Re 2019-1 A,577092AA7,,MATTRE,,250,2019-06-19 00:00:00,2020-12-07 00:00:00,,Northeast US,2.38,1.92,2.52,2.03,,,,,0,565.3514123471184,413.00000000000006,99.01,99.27,Occurrence
63,,,Matterhorn Re 2020-1 A,577092AB5,,MATTRE,,175,2020-01-09 00:00:00,2021-12-07 00:00:00,,Northeast US,3.27,2.82,3.49,2.99,,,,,525,524.2344110854508,395.63230415568285,100,101.47,Occurrence
64,,,Matterhorn Re 2020-1 B,577092AC3,,MATTRE,,175,2020-01-09 00:00:00,2021-12-07 00:00:00,,Northeast and Southeast US,5.01,3.6,5.67,4.07,,,,,750,688.2523060389183,576.227362833342,100.69,101.97,Occurrence
65,,,Matterhorn Re 2020-2 B,577092AE9,00:00:00,MATTRE,00:00:00,175,2020-02-03 00:00:00,2021-12-07 00:00:00,0.0,Northeast and Southeast US,3.54,2.76,3.99,3.1,,,,,625,543.9580819975766,473.7392584681656,100.92,101.72,Occurrence
66,,,Matterhorn Re 2020-3 A,577092AF6,,MATTRE,,110,2020-05-11 00:00:00,2021-12-07 00:00:00,,Northeast and Southeast US,2.16,1.9,2.42,2.13,,,,,700,544.9961699403202,494.99616994032027,101.74,102.31,Occurrence
67,,,Matterhorn Re 2020-3 C,577092AH2,,MATTRE,,105,2020-05-11 00:00:00,2020-12-07 00:00:00,,Northeast and Southeast US,6.07,4.65,6.86,5.26,,,,,0,1303.4145748398382,1119.4145748398382,97.76,98.07,Occurrence
68,,,Matterhorn Re 2020-4 A,577092AJ8,,MATTRE,,65,2020-07-01 00:00:00,2021-12-07 00:00:00,,Northeast and Southeast US,3.72,2.88,4.15,3.24,,,,,1000,778.5659570576004,720.6599382429256,102.45,103.1,Occurrence
69,,,Matterhorn Re 2020-4 B,577092AK5,,MATTRE,,175,2020-07-01 00:00:00,2021-12-07 00:00:00,,Northeast and Southeast US,3.72,2.88,4.15,3.24,,,,,0,878.2223995609733,820.3163807462985,90.64,91.2,Occurrence
70,,,Pelican Re 2018,705809AB7,,PELICR,,100,2018-04-27 00:00:00,2021-05-07 00:00:00,,LA,0.67,0.6,0.75,0.68,,,,,200,247,173.19079508877005,99.72,100.16,Occurrence
71,,,,,,,,,,,,,,,,,,,,,,,,,,
72,,,,,,,,,,,,,,,,,,,,,,,,,,
73,APAC,,Akibare Re 2016-1,00973XAA8,,AKIBAR,,126.31,2016-03-14 00:00:00,2023-04-07 00:00:00,,JP W,1.12,1.04,,,,,,,228,,,0.1,1,Aggregate
74,,,Akibare Re 2018-1 A,00973XAB6,,AKIBAR,,220,2018-03-28 00:00:00,2022-04-07 00:00:00,,"JP, W, FL, FF",0.9,0.73,,,,,,,190,277.6055361361964,240.58186650223803,98.7,99.25,Occurrence
75,,,Akibare Re 2018-1 B,00973XAC4,,AKIBAR,,100,2018-03-28 00:00:00,2022-04-07 00:00:00,,"JP, W, FL",1.09,0.99,,,,,,,190,298.0293138590156,257.53691077218787,98.4,99,Occurrence
76,,,Akibare Re 2020-1 A,00974NAA9,,AKIBAR,,100,2020-03-26 00:00:00,2024-04-07 00:00:00,,"JP, W, FL",0.87,0.81,,,,,,,275,257.1747176384323,245.574717638432,100.6,100.99,Occurrence
77,,,Aozora Re 2017-1,037401AD8,,AOZLTD,,480,2017-03-29 00:00:00,2021-04-07 00:00:00,,JP W,1.73,1.22,,,,,,,200,229.7494624960557,151.2078990307236,99.85,100.25,Occurrence
78,,,CAR 123 A,XS2082419404,00:00:00,IBRD,00:00:00,75,2019-11-22 00:00:00,2022-12-02 00:00:00,0.0,Philippines EQ,5.3,3,,,,,,,550,600,568.6720228757566,98.77,99.4,Occurrence
79,,,CAR 124 B,XS2082419669,00:00:00,IBRD,00:00:00,150,2019-11-22 00:00:00,2022-12-02 00:00:00,0.0,Philipinnes W,5.3,3,,,,,,,565,560.1306144266526,528.7803745275202,99.87,100.5,Occurrence
80,,,Kizuna Re II 2018-1 A,49835KAC7,,KIZUNA,,150,2018-03-28 00:00:00,2023-04-11 00:00:00,,JP Q,0.3,0.1,,,,,,,187.5,250.00000000000006,212.3752827586228,98.51,99.4,Aggregate
81,,,Kizuna Re II 2018-1 B,49835KAD5,,KIZUNA,,50,2018-03-28 00:00:00,2023-04-11 00:00:00,,JP Q,2.65,0.92,,,,,,,250,262,224.1925169870064,99.71,100.62,Aggregate
82,,,Nakama Re 2015-1 1,62983QAF0,,NAKAMA,,100,2015-12-29 00:00:00,2021-01-14 00:00:00,,JP Q,1.32,1.16,,,,,,,287.5,271.81226676054484,126,100.04,100.45,Occurrence
83,,,Nakama Re 2015-1 2,62983QAG8,,NAKAMA,,200,2015-12-29 00:00:00,2021-01-14 00:00:00,,JP Q,0.94,0.86,,,,,,,325,278.93565687945375,96.00000000000001,100.13,100.64,Aggregate
84,,,Nakama Re 2016-1 1,62983QAH6,,NAKAMA,,550,2016-09-29 00:00:00,2021-10-13 00:00:00,,JP Q,0.57,0.49,,,,,,,220,250,172.27067828511994,99.7,100.48,Aggregate
85,,,Nakama Re 2016-1 2,62983QAJ2,,NAKAMA,,150,2016-09-29 00:00:00,2021-10-13 00:00:00,,JP Q,1.88,1.47,,,,,,,325,349.9999999999999,270.6547171775655,99.75,100.55,Aggregate
86,,,Nakama Re 2018-1 1,62983QAK9,,NAKAMA,,500,2018-03-01 00:00:00,2023-04-13 00:00:00,,JP Q,0.56,0.48,,,,,,,200,229.08326164874586,190.42200340588386,99.3,100.23,Aggregate
87,,,Nakama Re 2018-1 2,62983QAL7,,NAKAMA,,200,2018-03-01 00:00:00,2023-04-13 00:00:00,,JP Q,1.79,1.44,,,,,,,300,343.3687493120437,306.679263348407,98.97,99.84,Aggregate
88,,,Nakama Re 2020-1 1,62983QAM5,00:00:00,NAKAMA,00:00:00,200,2020-02-04 00:00:00,2025-01-14 00:00:00,0.0,JP Q,0.56,0.48,,,,,,,220,250,227.2982399999988,98.83,99.71,Aggregate
89,,,,,,,,,,,,,,,,,,,,,,,,,,
90,,,,,,,,,,,,,,,,,,,,,,,,,,
91,Europe,,Atmos Re DAC A,XS1924991273,,ATMRED,,45,2019-02-06 00:00:00,2022-02-14 00:00:00,,"IT Flood, Snow Pressure and Atmospheric Phenom",1.31,0.45,,,,,,,450,,,0.5,2.5,Aggregate
92,,,Azzurro Re II 2020-1,XS2193952053,,AZREII,,100,2020-07-10 00:00:00,2024-01-17 00:00:00,,EU EQ,3.87,2.64,,,,,,,450,450.051229991128,440.7162299911286,100,100.28,Occurrence
93,,,Baltic PCC 2019-1,XS1957342592,,BALPCC,,75,2019-02-25 00:00:00,2022-03-07 00:00:00,,UK Terrorism,3.05,2.71,,,,,,,590,593.8907815821808,572.2113167811702,99.94,100.24,Aggregate
94,,,Hexagon Re DAC A,XS1735822774,,HEXREI,,45,2017-12-15 00:00:00,2022-01-19 00:00:00,,EU W,7.57,6.75,,,,,,,822,990.3127729753058,924.5607729753058,97.97,98.76,Aggregate
95,,,Hexagon Re DAC B,XS1735822857,,HEXREI,,45,2017-12-15 00:00:00,2022-01-19 00:00:00,,EU W,6.06,5.52,,,,,,,666,814.2347216291207,749.2480325534912,98.19,98.98,Aggregate
96,,,Hexagon II Re 2019-1,XS2066695433,,HEXAGN,,120,2019-11-05 00:00:00,2024-01-17 00:00:00,,EU All Natural Perils,5.9,3.65,,,,,,,515,574.7595942556461,544.6381656842177,98.22,99.11,Occurrence
97,,,Lion II Re DAC,XS1635674663,,LIONRE,,200,2017-06-28 00:00:00,2021-07-15 00:00:00,,"EU W, EU Flood, IT Q",3.42,2.35,,,,,,,329,420.40386953307205,325.30908692437646,99.3,100.03,Occurrence
98,,,Windmill Re II DAC,XS2181578233,,WNDMIL,,100,2020-06-22 00:00:00,2024-07-05 00:00:00,,EU W,3.36,2.56,,,,,,,400,401.22068444602735,382.3706844460268,99.96,100.61,Occurrence
99,,,,,,,,,,,,,,,,,,,,,,,,,,
100,,,,,,,,,,,,,,,,,,,,,,,,,,
101,Life & Health,,Vita Capital VI,92846DAA4,,VITA,,100,2015-12-22 00:00:00,2021-01-08 00:00:00,,Mortality,1.24,0.99,,,,BB,,,290,6634.44996949106,5200.29235934601,85.74,88.61,
102,,,Vitality Re VIII A,92848LAA4,,VITALI,,140,2017-01-25 00:00:00,2021-01-08 00:00:00,,Health,0.05,0.01,,,,BBB+,,,175,275,171.62391270359606,99.74,100.01,
103,,,Vitality Re VIII B,92848LAB2,,VITALI,,60,2017-01-25 00:00:00,2021-01-08 00:00:00,,Health,0.5,0.19,,,,BB+,,,200,1414.1759486753945,1286.268969711153,96.92,97.23,
104,,,Vitality Re IX A,92849LAA3,,VITALI,,140,2018-01-29 00:00:00,2022-01-10 00:00:00,,Health,0.03,0.01,,,,BBB+,,,160,325,272.8115343650967,97.96,98.6,
105,,,Vitality Re IX B,92849LAB1,,VITALI,,60,2018-01-29 00:00:00,2022-01-10 00:00:00,,Health,0.41,0.16,,,,BB+,,,175,524.8922451620226,454.40402596154695,95.75,96.59,
106,,,Vitality Re X A,92850FAA2,,VITALI,,140,2019-01-14 00:00:00,2023-01-10 00:00:00,,Health,0.04,0.01,,,,BBB+,,,175,325,265.6016514162481,96.78,98.04,
107,,,Vitality Re X B,92850FAB0,,VITALI,,60,2019-01-14 00:00:00,2023-01-10 00:00:00,,Health,0.43,0.17,,,,BBB+,,,200,502.53554502369684,447.18599177205954,93.65,94.78,
108,,,Vitality Re XI A,92851AAA2,,VITALI,,140,2020-01-30 00:00:00,2024-01-09 00:00:00,,Health,0.04,0.01,,,,BBB+,,,150,325,260.89802721143434,94.74,96.63,
109,,,Vitality Re XI B,92851AAB0,,VITALI,,60,2020-01-30 00:00:00,2024-01-09 00:00:00,,Health,0.48,0.19,,,,BB+,,,180,501.7302259887009,491.22960535225445,90.61,90.9,
110,,,,,,,,,,,,,,,,,,,,,,,,,,
111,,,,,,,,,,,,,,,,,,,,,,,,,,
112,Mtge,,Bellemeade 2017-1 M-1,078767AA8,,BMIR,,195.1,2017-10-25 00:00:00,2027-10-25 00:00:00,,Mortgage,,,,,,,BBB,,170,166,151,100.04904640109456,100.2522661998062,
113,,,Bellemeade 2017-1 M-2,078767AB6,,BMIR,,154.6,2017-10-25 00:00:00,2027-10-25 00:00:00,,Mortgage,,,,,,,BB-,,335,301,294,101.34,101.62,
114,,,Bellemeade 2017-1 B-1,078767AC4,,BMIR,,18.4,2017-10-25 00:00:00,2027-10-25 00:00:00,,Mortgage,,,,,,,B+,,475,411,404,103.22,103.58,
115,,,Bellemeade 2018-1 M-1,078768AD0,,BMIR,,198.5,2018-04-18 00:00:00,2028-04-25 00:00:00,,Mortgage,,,,,,,BBB,,160,160,143,100,100.39,
116,,,Bellemeade 2018-1 M-2,078768AE8,,BMIR,,157.3,2018-04-18 00:00:00,2028-04-25 00:00:00,,Mortgage,,,,,,,BB-,,290,290,282,100,100.38,
117,,,Bellemeade 2018-1 B-2,078768AF5,,BMIR,,18.7,2018-04-18 00:00:00,2028-04-25 00:00:00,,Mortgage,,,,,,,BB-,,425,425,418,100,100.38,
118,,,,,,,,,,,,,,,,,,,,,,,,,,
119,,,,,,,,,,,,,,,,,,,,,,,,,,
120,Multi-Peril,,3264 Re 2020-1,88577CAA9,,TWSFRL,,150,2020-01-24 00:00:00,2023-02-07 00:00:00,,"US W, US/CAN Q, EU W",5.46,4.04,6.26,4.56,,,,,975,878.5133702474141,790.5772432849193,101.98,103.84,Aggregate
121,,,Armor Re II 2019-1 A,04227FAB1,,ARMORE,,100,2019-05-14 00:00:00,2022-06-08 00:00:00,,"US W, Q",2.29,1.97,2.71,2.34,,,,,633,553.0046852899551,487.289234739955,101.26,102.31,Occurrence
122,,,Atlas IX 2015-1,049382AC8,,ATLAS,,18.31,2015-02-10 00:00:00,2020-10-07 00:00:00,,"US W, Q, CAN Q",4.61,4.11,5.08,4.51,,,,,10,,,80,90,Aggregate
123,,,Atlas Capital UK 2018,04921AAA3,,ATLAS,,300,2018-05-31 00:00:00,2022-06-07 00:00:00,,"US W, Q, CAN Q, EU W",3.98,3.24,4.1,3.33,,,,,606,748.964228925,693.8750944681943,97.78,98.62,Aggregate
124,,,Atlas Capital UK 2019,04921QAA8,,ATLAS,,250,2019-05-31 00:00:00,2023-06-07 00:00:00,,"US W, Q, CAN Q, EU W",6.9,5.8,7.45,6.25,,,,,1218,1201.7076116285998,1129.7422832046107,100.34,101.95,Aggregate
125,,,Atlas Capital Re 2020,04921RAA6,,ATLAS,,200,2020-04-29 00:00:00,2024-06-10 00:00:00,,"US W, Q, CAN Q",3.4,2.84,3.66,3.05,,,,,825,729.9621217018027,696.3374044604255,102.95,104.02,Aggregate
126,,,Blue Halo 2016-1 A,095538AA2,,BLUHLO,,130,2016-06-16 00:00:00,2022-06-21 00:00:00,,"US W, Q",8.65,7.24,9.9,8.31,,,,,1400,,,97.25,97.75,Aggregate
127,,,Blue Halo 2016-1 B,095538AB0,,BLUHLO,,10.263,2016-06-16 00:00:00,2022-06-21 00:00:00,,"US W, Q",15.14,11.53,16.68,12.91,,,,,1975,,,15,22,Aggregate
128,,,Bonanza Re 2020-1 A,09785EAC5,,BONZRE,,200,2020-02-19 00:00:00,2024-02-20 00:00:00,,"US NS, WS, WF, EQ, ST",1.15,1.03,1.3,1.17,,,,,475,473.16907069483375,448.77480284578974,100.05,100.79,Occurrence
129,,,Bowline Re 2018-1 A,10260PAA6,,BWLNRE,,250,2018-05-16 00:00:00,2022-05-23 00:00:00,,"US W, Q, ST",2.44,1.81,2.71,2.04,,,,,476,481.3046578661332,426.4199023405519,99.92,100.77,Aggregate
130,,,Bowline Re 2019-1 A,10260PAB4,,BWLNER,,100,2019-03-13 00:00:00,2023-03-20 00:00:00,,"US/CAN W, Q, ST",1.6,1.36,1.82,1.53,,,,,475,464.4931354755591,476.00000000000006,100.24,101.15,Aggregate
131,,,Bowline Re 2019-1 B,10260PAC2,,BWLNER,,150,2019-03-13 00:00:00,2023-03-20 00:00:00,,"US/CAN W, Q, ST",6.08,3.69,6.79,4.12,,,,,850,797.299681088838,754.7857038108448,101.14,102.08,Aggregate
132,,,Caelus Re V 2017-1 B,12765KAB1,,CAELUS,,75,2017-05-04 00:00:00,2024-05-24 00:00:00,,"US W, Q, ST, WS, WF, VE, MI, O",2.4,1.8,2.87,2.17,,,,,MM + 476 / 50,,,87,92,Aggregate
133,,,Caelus Re V 2017-1 C,12765KAC9,,CAELUS,,75,2017-05-04 00:00:00,2024-05-24 00:00:00,,"US W, Q, ST, WS, WF, VE, MI, O",4.08,3.11,4.94,3.77,,,,,MM + 666 / 50,,,5,15,Aggregate
134,,,Caelus Re V 2017-1 D,12765KAD7,,CAELUS,,33.134,2017-05-04 00:00:00,2024-05-24 00:00:00,,"US W, Q, ST, WS, WF, VE, MI, O",6.03,5,7.25,6.02,,,,,MM + 940 / 50,,,0,0,Aggregate
135,,,Caelus Re V 2018-1 A,12765KAE5,,CAELUS,,125,2018-05-10 00:00:00,2021-06-07 00:00:00,,"US W, Q, ST, WS, WF, VE, MI, O",1.1,0.88,1.42,1.13,,,,,393,698.4891537137446,544.5135513464553,98,99,Aggregate
136,,,Caelus Re V 2018-1 B,12765KAF2,,CAELUS,,75,2018-05-10 00:00:00,2021-06-07 00:00:00,,"US W, Q, ST, WS, WF, VE, MI, O",2.19,1.6,2.68,1.99,,,,,464,1165.6704228028107,848.3590340231109,95.5,97.5,Aggregate
137,,,Caelus Re V 2018-1 C,12765KAG0,,CAELUS,,175,2018-05-10 00:00:00,2021-06-07 00:00:00,,"US W, Q, ST, WS, WF, VE, MI, O",4.51,3.21,5.54,3.97,,,,,782,2517.1106134720244,2166.0956965142695,89.5,91.5,Aggregate
138,,,Caelus Re V 2018-1 D,12765KAH8,,CAELUS,,75,2018-05-10 00:00:00,2021-06-07 00:00:00,,"US W, Q, ST, WS, WF, VE, MI, O",5.91,5.16,7.11,6.28,,,,,1090,5805.039384778767,4704.292014990106,75,80,Aggregate
139,,,Caelus Re VI 2020-1 A,12765MAA9,,CAELUS,,150,2020-02-27 00:00:00,2023-07-07 00:00:00,,"US W, Q, ST, WS, WF, VE, MI, O",1.63,1.3,2.02,1.64,,,,,550,517.2391199227991,468.3156335820645,100.82,102.06,Occurrence
140,,,Caelus Re VI 2020-1 B,12765MAB7,,CAELUS,,150,2020-02-27 00:00:00,2024-07-07 00:00:00,,"US W, Q, ST, WS, WF, VE, MI, O",1.63,1.3,2.02,1.64,,,,,550,540.4444339334927,482.7140974255585,100.31,102.23,Occurrence
141,,,Caelus Re VI 2020-2 A,12765MAC5,,CAELUS,,75,2020-02-27 00:00:00,2023-07-07 00:00:00,,"US W, Q, ST, WS, WF, VE, MI, O",1.17,0.97,1.46,1.23,,,,,550,530.7278220524365,457.47325683504425,100.48,102.33,Aggregate
142,,,Caelus Re VI 2020-2 B,12765MAD3,,CAELUS,,75,2020-02-27 00:00:00,2023-07-07 00:00:00,,"US W, Q, ST, WS, WF, VE, MI, O",2.37,1.7,2.93,2.12,,,,,775,762.6233454544273,705.6418971627877,100.3,101.69,Aggregate
143,,,Caelus Re VI 2020-2 C,12765MAE1,,CAELUS,,40,2020-02-27 00:00:00,2023-07-07 00:00:00,,"US W, Q, ST, WS, WF, VE, MI, O",6.39,4.1,7.56,4.95,,,,,1275,1233.5387070489678,1201.2098340612818,100.93,101.67,Aggregate
144,,,Cape Lookout Re 2019-1 A,13947LAA0,,CAPLKT,,450,2019-02-19 00:00:00,2022-02-25 00:00:00,,"NC W, ST",1.95,1.61,1.83,1.52,,,,,425,336.1412313236924,259.98830343382303,101.2,102.25,Aggregate
145,,,Cape Lookout Re 2019-2 A,13947LAB8,,CAPLKT,,100,2019-06-19 00:00:00,2022-05-09 00:00:00,,"NC W, ST",2.91,2.52,2.91,2.53,,,,,675,482.5676680296009,435.94322038640337,102.93,103.65,Aggregate
146,,,Espada Re 2016-1,XS1360547167,,ESPADA,,9.842,2016-03-01 00:00:00,2020-09-06 00:00:00,,"US W, Q, ST, WS, WF",6.11,1.89,7.12,2.2,,,,,570,,,65,67,Aggregate
147,,,First Coast Re 2017,31970LAB0,,FCSTRE,,175,2017-04-25 00:00:00,2021-06-07 00:00:00,,"US W, ST",2.2,1.42,2.51,1.63,,,,,392,332,173,100.4,101.46,Occurrence
148,,,First Coast Re II 2019-1 A,31970MAA0,,FRSCST,,100,2019-05-24 00:00:00,2023-06-07 00:00:00,,"US W, ST",2.2,1.42,2.51,1.63,,,,,525,484.95825710667623,410.0634444455603,100.97,102.83,Occurrence
149,,,Galilei Re 2017-1 A-2,363543AF6,,GLEIRE,,50,2017-01-11 00:00:00,2021-01-08 00:00:00,,"US W, Q/CAN Q/EU W/AU W, Q",12.68,9.12,14.02,10.08,,,,,1384,2226.2656429735275,1878.1730831070113,97.9,98.76,Aggregate
150,,,Galilei Re 2017-1 B-2,363543AG4,,GLEIRE,,50,2017-01-11 00:00:00,2021-01-08 00:00:00,,"US W, Q/CAN Q/EU W/AU W, Q",6.53,5.05,7.15,5.52,,,,,863,1448.6996892250504,1311.9961865370121,98.51,98.86,Aggregate
151,,,Galilei Re 2017-1 C-2,363543AH2,,GLEIRE,,150,2017-01-11 00:00:00,2021-01-08 00:00:00,,"US W, Q/CAN Q/EU W/AU W, Q",2.61,2.25,2.88,2.46,,,,,568,559.1535170450588,423.3869089717218,100.02,100.37,Aggregate
152,,,Galilei Re 2017-1 D-2,363543AJ8,,GLEIRE,,150,2017-01-11 00:00:00,2021-01-08 00:00:00,,"US W, Q/CAN Q/EU W/AU W, Q",2.79,2.36,3.07,2.57,,,,,588,575.3117846122855,439.06794334004496,100.03,100.39,Aggregate
153,,,Galilei Re 2017-1 E-2,363543AK5,,GLEIRE,,125,2017-01-11 00:00:00,2021-01-08 00:00:00,,"US W, Q/CAN Q/EU W/AU W, Q",2.12,1.79,2.31,1.96,,,,,513,512.792731533952,376.4799919249743,100,100.35,Aggregate
154,,,Galileo Re 2017-1 A,36354TAF9,,GALIRE,,75,2017-11-03 00:00:00,2020-11-06 00:00:00,,"US W, Q, ST/CAN Q/EU W/AU W, Q",5.05,3.36,5.49,3.67,,,,,750,1299.3835213941122,986.6291079660658,99.51,99.79,Aggregate
155,,,Galileo Re 2017-1 B,36354TAG7,,GALIRE,,75,2017-11-03 00:00:00,2020-11-06 00:00:00,,"US W, Q, ST/CAN Q/EU W/AU W, Q",17.14,9.7,18.74,10.63,,,,,1750,1792.0936723193277,1477.0162933639133,99.95,100.24,Aggregate
156,,,Galileo Re 2019-1 A,36354TAH5,,GALIRE,,75,2019-12-12 00:00:00,2024-01-08 00:00:00,,"US W, Q, ST/CAN Q/EU W/AU W, Q",9.67,7.74,10.81,8.64,,,,,1575,1662.6711029477658,1616.2651971970188,97.84,98.95,Aggregate
157,,,Galileo Re 2019-1 C,36354TAK8,,GALIRE,,250,2019-12-12 00:00:00,2024-01-08 00:00:00,,"US W, Q, ST/CAN Q/EU W/AU W, Q",4.09,3.52,4.66,3.99,,,,,925,886.1333739032617,817.7823439127184,101.05,102.95,Aggregate
158,,,Galileo Re 2019-1 D,36354TAL6,,GALIRE,,150,2019-12-12 00:00:00,2024-01-08 00:00:00,,"US W, Q, ST/CAN Q/EU W/AU W, Q",2.98,2.54,3.36,2.86,,,,,745,761.1699230168994,734.2206596185563,99.58,100.33,Aggregate
159,,,Herbie Re 2020-1 A,42703VAA1,,HERBIE,,125,2020-06-15 00:00:00,2024-07-08 00:00:00,,"US W, Q",2.39,2.39,2.83,2.83,,,,,900,809.5973388268318,789.5973388268318,102.85,103.49,Occurrence
160,,,Hypatia Re 2020-1 A,44914CAA4,,HYPATI,0,150,2020-07-17 00:00:00,2023-06-07 00:00:00,,"US W, US/CAN EQ",2.22,1.71,2.47,1.93,,,,,675,560.7413854225138,524.7413854225138,102.74,103.63,Aggregate
161,,,Hypatia Re 2020-1 B,44914CAB2,,HYPATI,0,150,2020-07-17 00:00:00,2023-06-07 00:00:00,,"US W, US/CAN EQ",4.19,3.06,4.61,3.38,,,,,975,757.6357089678654,721.6357089678653,105.08,105.96,Aggregate
162,,,Kendall Re 2018-1,48878QAA8,,KNDLRE,,225,2018-04-25 00:00:00,2021-05-06 00:00:00,,"US W, Q, ST, WS, WF /  EU W",3.17,2.4,3.53,2.66,,,,,525,714.6580921730969,548.6623134029496,98.92,99.87,Aggregate
163,,,Kilimanjaro II Re 2017-1 A-1,49407QAA6,,KILREL,,225,2017-04-13 00:00:00,2021-04-20 00:00:00,,"US/CAN W, Q",7.13,6.23,7.94,6.9,,,,,1061,1177.2417685748155,1047.4952136809302,99.39,100.07,Aggregate
164,,,Kilimanjaro II Re 2017-1 B-1,49407QAB4,,KILREL,,400,2017-04-13 00:00:00,2021-04-20 00:00:00,,"US/CAN W, Q",5.47,4.18,6.04,4.62,,,,,791,772.3401177218205,643.4977340657213,100.1,100.78,Aggregate
165,,,Kilimanjaro II Re 2017-1 C-1,49407QAC2,,KILREL,,325,2017-04-13 00:00:00,2021-04-20 00:00:00,,"US/CAN W, Q",3.22,2.78,3.6,3.09,,,,,630,588,459.5088949824194,100.22,100.91,Aggregate
166,,,Kilimanjaro II Re 2017-2 A-2,49407QAD0,,KILREL,,50,2017-04-13 00:00:00,2022-04-21 00:00:00,,"US/CAN W, Q",7.13,6.23,7.94,6.9,,,,,1061,1024.318797104637,961.9209569616143,100.51,101.39,Aggregate
167,,,Kilimanjaro II Re 2017-2 B-2,49407QAE8,,KILREL,,75,2017-04-13 00:00:00,2022-04-21 00:00:00,,"US/CAN W, Q",5.47,4.18,6.04,4.62,,,,,791,797.8987288366808,759.4040096632983,99.9,100.45,Aggregate
168,,,Kilimanjaro II Re 2017-2 C-2,49407QAF5,,KILREL,,175,2017-04-13 00:00:00,2022-04-21 00:00:00,,"US/CAN W, Q",3.22,2.78,3.6,3.09,,,,,630,597.1317829127397,538.3949309554393,100.48,101.34,Aggregate
169,,,Kilimanjaro 2018-1 A-1,494074AH0,,KILREL,,62.5,2018-04-30 00:00:00,2022-05-06 00:00:00,,"US/CAN W, Q",9.91,9.39,11.16,10.56,,,,,1361,1416.1931791889867,1282.7283793026918,99.24,101.11,Aggregate
170,,,Kilimanjaro 2018-1 B-1,494074AJ6,,KILREL,,200,2018-04-30 00:00:00,2022-05-06 00:00:00,,"US/CAN W, Q",2.55,2.31,2.83,2.59,,,,,494,425.0327770899763,362.29190046925277,101.04,102.01,Aggregate
171,,,Kilimanjaro 2018-2 A-2,494074AK3,,KILREL,,62.5,2018-04-30 00:00:00,2023-05-05 00:00:00,,"US/CAN W, Q",9.91,9.39,11.16,10.56,,,,,1361,1540.0621310737683,1442.143693839639,96.32,98.32,Aggregate
172,,,Kilimanjaro 2018-2 B-2,494074AL1,,KILREL,,200,2018-04-30 00:00:00,2023-05-05 00:00:00,,"US/CAN W, Q",2.55,2.31,2.83,2.59,,,,,494,476.6175007869216,438.1895032166716,100.41,101.33,Aggregate
173,,,Kilimanjaro III Re 2019-1 A-1,49407PAA8,,KILREL,,150,2019-12-12 00:00:00,2023-12-19 00:00:00,,"US/CAN W, Q",9.95,8.47,10.99,9.33,0.0,,,,1575,1597.033920622686,1556.740294437382,99.46,100.44,Occurrence
174,,,Kilimanjaro III Re 2019-1 B-1,49407PAB6,,KILREL,,275,2019-12-12 00:00:00,2023-12-19 00:00:00,,"US/CAN W, Q",4.98,3.81,5.5,4.2,0.0,,,,950,925.3734059085613,889.2748199796347,100.66,101.64,Aggregate
175,,,Kilimanjaro III Re 2019-2 A-2,49407PAC4,,KILREL,,150,2019-12-12 00:00:00,2024-12-19 00:00:00,,"US/CAN W, Q",9.95,8.47,10.99,9.33,0.0,,,,1575,1572.7287694636784,1540.5068068923888,100.06,101.01,Occurrence
176,,,Kilimanjaro III Re 2019-2 B-2,49407PAD2,,KILREL,,275,2019-12-12 00:00:00,2024-12-19 00:00:00,,"US/CAN W, Q",4.98,3.81,5.5,4.2,0.0,,,,950,959.1941322190029,929.8798923609172,99.69,100.67,Aggregate
177,,,Loma Re 2013-1 C,541501AC6,,LOMARE,,65,2013-12-30 00:00:00,2021-01-08 00:00:00,,"US W, Q, ST",10.23,8.02,11.76,9.15,,,,,50,,,42,46,Aggregate
178,,,Long Point Re III 2018,542799AD3,,LONGRE,,500,2018-05-24 00:00:00,2022-06-01 00:00:00,,"Northeast W, Q, ST, WS",1.4,1.214,1.49,1.288,,,,,275,310.1483067594523,208.4241142703864,99.44,101.07,Occurrence
179,,,Matterhorn Re 2020-2 A,577092AD1,00:00:00,MATTRE,00:00:00,80,2020-02-03 00:00:00,2024-01-08 00:00:00,0.0,"Northeast W, Mortality",3.04,2.39,3.13,2.48,,,,,500,509.5473676121577,475.5473676121577,99.72,100.71,Occurrence
180,,,MetroCat Re 2020-1 A,59165HAC3,,METCAT,,100,2020-05-12 00:00:00,2023-05-08 00:00:00,,NY Storm Surge and EQ,0.888,0.888,0.908,0.908,,,,,550,424.4039790515841,387.4039790515841,102.99,103.9,Occurrence
181,,,Mona Lisa Re 2020-1 A,608800AC2,,MONLIS,,250,2020-01-10 00:00:00,2023-01-09 00:00:00,,"US W, US/CAN Q",2.84,2.52,3.22,2.84,,,,,750,662.9263776902055,608.0883545790963,101.79,102.94,Aggregate
182,,,Mona Lisa Re 2020-1 B,608800AD0,,MONLIS,,150,2020-01-10 00:00:00,2023-01-09 00:00:00,,"US W, US/CAN Q",4.08,3.46,4.54,3.85,,,,,800,813.5853251384981,768.8545380417235,99.72,100.63,Occurrence
183,,,Northshore Re II 2018-1,666842AB5,,NTHSHR,,200,2018-07-06 00:00:00,2022-07-08 00:00:00,,"US W, US/CAN Q, EU W",5.7,4.71,6.3,5.16,,,,,800,720.9554105888163,674.8548539574123,101.28,102.04,Aggregate
184,,,Northshore Re II 2019-1,666842AC3,,NTHSHR,,165,2019-06-26 00:00:00,2023-07-07 00:00:00,,"US W, US/CAN Q, EU W",3.49,2.97,3.83,3.28,,,,,766,692.483125856706,669.498122692003,101.79,102.36,Aggregate
185,,,Res Re 2015 10,76118DAA8,,RESID,,49.84,2015-05-29 00:00:00,2020-09-06 00:00:00,,"US W, Q, ST, WS, WF",8.38,4.51,9.74,5.18,,,,,1097,,,95,99,Aggregate
186,,,Res Re 2016 1 10,76118GAA1,,RESID,,19.083,2016-05-11 00:00:00,2020-09-06 00:00:00,,"US W, Q, ST, WS, WF",9.57,4.4,10.98,5.13,,,,,1152,,,95,99,Aggregate
187,,,Res Re 2016 II 3,76118GAE3,,RESID,,150,2016-11-18 00:00:00,2020-12-06 00:00:00,,"US W, Q, ST, WS, WF",4.21,2.18,4.85,2.48,,B-,,,543,959,727.9116576859481,99.29,99.68,Occurrence
188,,,Res Re 2016 II 4,76118GAF0,,RESID,,170,2016-11-18 00:00:00,2020-12-06 00:00:00,,"US W, Q, ST, WS, WF",2.17,1.69,2.47,1.94,,B,,,397,587,384.1900000000006,99.67,100.02,Occurrence
189,,,Res Re 2017 I 11,76118XAB2,,RESID,,225,2017-05-03 00:00:00,2021-06-06 00:00:00,,"US W, Q, ST, WS, WF, VE, MI, O",4.7,1.1,5.49,1.27,,,,,505,,,86,92,Aggregate
190,,,Res Re 2017 I 13,76118XAC0,,RESID,,150,2017-05-03 00:00:00,2021-06-06 00:00:00,,"US W, Q, ST, WS, WF, VE, MI, O",1.1,0.46,1.27,0.56,,BB-,,,317,412,352.2784378181876,99.37,99.76,Aggregate
191,,,Res Re 2017 II 2,76118XAE6,,RESID,,110,2017-11-17 00:00:00,2021-12-06 00:00:00,,"US W, Q, ST, WS, WF, VE, MI, O",13.34,7.55,14.9,8.6,,,,,1272,1262.9109893166303,1220.2758713679127,100.08,100.54,Occurrence
192,,,Res Re 2017 II 3,76118XAF3,,RESID,,130,2017-11-17 00:00:00,2021-12-06 00:00:00,,"US W, Q, ST, WS, WF, VE, MI, O",4.21,3.06,4.85,3.49,,B-,,,576,622.5430701105599,528.891610221878,99.47,100.53,Occurrence
193,,,Res Re 2018 I 13,76117UAB9,,RESID,,200,2018-05-14 00:00:00,2022-06-06 00:00:00,,"US W, Q, ST, WS, WF, VE, MI, O",1.76,0.82,2.09,0.98,,,,,325,349.7406940112765,314.90714703713724,99.6,100.16,Aggregate
194,,,Res Re 2018 II 2,76117UAD5,,RESID,,150,2018-11-27 00:00:00,2022-12-06 00:00:00,,"US W, Q, ST, WS, WF, VE, MI, O",9.58,5.95,10.86,6.81,,,,,1100,1169.193515286274,1129.9597638517212,99.63,100.37,Occurrence
195,,,Res Re 2019 I 12,76120FAA9,,RESID,,60,2019-05-24 00:00:00,2023-06-06 00:00:00,,"US W, Q, ST, WS, WF, VE, MI, O",6.77,3.97,7.59,4.53,,,,,868,871.0482876373958,852.2090958583459,99.92,100.35,Aggregate
196,,,Res Re 2019 I 13,76120FAB7,,RESID,,75,2019-05-24 00:00:00,2023-06-06 00:00:00,,"US W, Q, ST, WS, WF, VE, MI, O",2.2,1.08,2.63,1.29,,,,,465,425.15084664525494,408.00066272958395,100.98,101.4,Aggregate
197,,,Res Re 2019 II 1,76120FAC5,00:00:00,RESID,0,50,2019-11-19 00:00:00,2020-12-06 00:00:00,0.0,"US W, Q, ST, WS, WF, VE, MI, O",20.78,14.31,22.67,15.94,,,,,0,4690.099072773137,4344.912865876588,92.47,92.98,Occurrence
198,,,Res Re 2019 II 2,76120FAD3,00:00:00,RESID,0,110,2019-11-19 00:00:00,2023-12-06 00:00:00,0.0,"US W, Q, ST, WS, WF, VE, MI, O",9.78,5.87,11.09,6.72,,,,,1150,1137.5457070221557,1096.0547979312466,100.3,101.37,Occurrence
199,,,Res Re 2020 I 13,76124AAB4,,RESID,,100,2020-05-29 00:00:00,2024-06-06 00:00:00,,"US W, Q, ST, WS, WF, VE, MI, O",2.2,1.08,2.63,1.29,,,,,550,452.63888608161267,424.63888608161267,102.97,103.85,Aggregate
200,,,Riverfront Re 2017-1 A,76870YAB8,,RVFRT,,142.5,2017-05-31 00:00:00,2021-01-15 00:00:00,,"US/CAN W, Q, ST, WS, WF, VE , MI",2.28,1.29,2.23,1.27,,,,,486,567,371.0537213133928,99.78,100.32,Occ / Agg
201,,,Riverfront Re 2017-1 B,76870YAC6,,RVFRT,,47.5,2017-05-31 00:00:00,2021-01-15 00:00:00,,"US/CAN W, Q, ST, WS, WF, VE , MI",4.27,3.11,4.14,3.03,,,,,683,772,575.4461201790006,99.75,100.3,Occ / Agg
202,,,Sanders 2017-1,80000RAG7,,SANDRE,,375,2017-03-30 00:00:00,2021-12-06 00:00:00,,"US W, Q, ST, VE, MI",0.86,0.81,0.93,0.88,,,,,293,435.2656506723418,286.54280762497086,98.38,100.07,Occurrence
203,,,Sanders 2018-1,80000RAJ1,,SANDRE,,500,2018-03-29 00:00:00,2022-04-07 00:00:00,,"US W, EQ, ST, F, Other",0.72,0.64,0.79,0.71,,,,,550,680.7988427994426,575.9392418406486,98.15,99.63,Occ / Agg
204,,,Sanders II 2019-1 B,80000TAB4,,SANDRE,,300,2019-03-28 00:00:00,2023-04-07 00:00:00,,"US W, EQ, ST, F, Other",2.11,1.6374,2.35,1.821,,,,,1390,3257.050570479585,3163.440677485579,69.26,70.49,Occ / Agg
205,,,Sanders II 2020-1 A,80000VAA1,,SANDRE,,150,2020-03-30 00:00:00,2024-04-07 00:00:00,,"US W, EQ, ST, F, Other",0.97,0.9491,1.08,1.0497,,,,,450,430.3652221788439,408.3652221788439,100.62,101.32,Occurrence
206,,,Sanders II 2020-1 B,80000VAB9,,SANDRE,,100,2020-03-30 00:00:00,2024-04-07 00:00:00,,"US W, EQ, ST, F, Other",1,0.9201,1.11,1.0045,,,,,1275,1323.968903149116,1301.9689031491157,98.67,99.26,Occ / Agg
207,,,Sanders II 2020-2 A,80000WAA9,,SANDRE,,200,2020-05-29 00:00:00,2023-06-07 00:00:00,,"FL W, Q, ST, WF, VE, MI",0.87,0.61,1.02,0.7,,,,,550,449.52906597291684,413.52906597291684,102.47,103.38,Occurrence
208,,,Spectrum Capital A,84763LAA2,,SPECTR,,160,2017-06-19 00:00:00,2021-06-08 00:00:00,,"US W, ST, WS, WF, US/CAN Q",3.64,2.72,4.06,3.04,,,,,575,618,539.4799999999999,99.71,100.23,Aggregate
209,,,Stratosphere Re 2020-1,86310AAA9,,STRARE,,100,2020-01-24 00:00:00,2023-03-31 00:00:00,,"US W, Q, ST, WS",0.185,0.115,0.223,0.137,,,,,275,269.2514809177924,248.6815253622298,100.13,100.59,Aggregate
210,,,Tailwind Re 2017-1 A,87403TAA4,,TAILWD,,150,2017-12-27 00:00:00,2022-01-08 00:00:00,,"US W, Q",3.93,3.5,4.42,3.9,,,,,736,610.7472622660499,486.0600641923452,101.52,103.04,Aggregate
211,,,Tailwind Re 2017-1 B,87403TAB2,,TAILWD,,150,2017-12-27 00:00:00,2022-01-08 00:00:00,,"US W, Q",5.14,4.51,5.8,5.08,,,,,910,805.9317573458962,706.7492559962064,101.24,102.44,Aggregate
212,,,Tailwind Re 2017-1 C,87403TAC0,,TAILWD,,100,2017-12-27 00:00:00,2022-01-08 00:00:00,,"US W, Q",6.29,5.69,7.09,6.4,,,,,1106,946.3636266528276,859.5680811595265,101.88,102.92,Aggregate
213,,,,,,,,,,,,,,,,,,,,,,,,,,
214,,,,,,,,,,,,,,,,,,,,,,,,,,
215,,,,,,,,,,,,,,,,,,,,,,,,,,
216,,,,,,,,,,,,,,,,,,,,,,,,,,
217,,,,,,,,,,,,,,,,,,,,,,,,,,
218,,,,,,,,,,,,,,,,,,,,,,,,,,
219,,,,,,,,,,,,,,,,,,,,,,,,,,
220,,,,,,,,,,,,,,,,,,,,,,,,,,
221,,,,,,,,,,,,,,,,,,,,,,,,,,
222,,,,,,,,,,,,,,,,,,,,,,,,,,
223,,,,,,,,,,,,,,,,,,,,,,,,,,
224,,,,,,,,,,,,,,,,,,,,,,,,,,
